{"_wandb":{"runtime":220},"_runtime":220,"val_loss":4.650233329426158,"_timestamp":1.7718631816486442e+09,"_step":55,"train_loss":4.6130836486816404}