{"train_loss":4.6130836486816404,"_wandb":{"runtime":223},"_runtime":223,"_step":55,"val_loss":4.650233329426158,"_timestamp":1.7718311068732288e+09}