{"_wandb":{"runtime":440},"_runtime":440,"val_loss":4.509227097034454,"_timestamp":1.771830562070842e+09,"_step":110,"train_loss":4.521670484542847}